username;email;;;
user1;user1@supertestexampleuser12456.com;;;
user2;user2@supertestexampleuser12456.com;;;
user3;user3@supertestexampleuser12456.com;;;
user4;user4@supertestexampleuser12456.com;;;
user5;user5@supertestexampleuser12456.com;;;
user6;user6@supertestexampleuser12456.com;;;
user7;user7@supertestexampleuser12456.com;;;
user8;user8@supertestexampleuser12456.com;;;
user9;user9@supertestexampleuser12456.com;;;
user10;user10@supertestexampleuser12456.com;;;
user11;user11@supertestexampleuser12456.com;;;
user12;user12@supertestexampleuser12456.com;;;
user13;user13@supertestexampleuser12456.com;;;
user14;user14@supertestexampleuser12456.com;;;
user15;user15@supertestexampleuser12456.com;;;
user16;user16@supertestexampleuser12456.com;;;
user17;user17@supertestexampleuser12456.com;;;
user18;user18@supertestexampleuser12456.com;;;
user19;user19@supertestexampleuser12456.com;;;
user20;user20@supertestexampleuser12456.com;;;
user21;user21@supertestexampleuser12456.com;;;